{"train_loss":5.338379609584808,"_step":72,"_timestamp":1.7633412451495366e+09,"train_perplexity":208.1751118863745,"final/best_val_perplexity":432.8619412082638,"learning_rate":0.00020999999999999998,"iteration":72,"final/best_val_loss":6.070418834686279,"_runtime":3946.854006575,"val_loss":6.070418834686279,"val_perplexity":432.8619412082638,"_wandb":{"runtime":3946},"sparsity":0}