{
  "model": "marin-community/marin-8b-base",
  "dataset": "wikitext",
  "n_prompts": 20,
  "prompt_len": 2048,
  "num_layers": 32,
  "per_layer_fim_traces": [
    41.94565975666046,
    1.6089930534362793,
    0.7844612002372742,
    0.5815622806549072,
    0.8454270362854004,
    0.7717103958129883,
    0.8005104064941406,
    0.7151274681091309,
    0.7574892044067383,
    0.6397732496261597,
    0.8088740110397339,
    0.8140370845794678,
    0.9257311820983887,
    0.8184227347373962,
    0.7771101593971252,
    0.7491990923881531,
    0.7640715837478638,
    0.5101609230041504,
    0.5521033406257629,
    0.45089566707611084,
    0.4172973036766052,
    0.29774773120880127,
    0.36134469509124756,
    0.3565989136695862,
    0.3114185929298401,
    0.30128687620162964,
    0.2346096634864807,
    0.3655533790588379,
    0.24035882949829102,
    0.32426929473876953,
    0.8870723247528076,
    2.117505669593811
  ],
  "per_layer_fim_traces_normalized": [
    0.6675377812090174,
    0.025606073646297283,
    0.012484187686851255,
    0.009255183890666754,
    0.01345441915206636,
    0.012281266961717914,
    0.012739600323034034,
    0.011380786620417629,
    0.012054945988045079,
    0.010181573445498505,
    0.012872701627284908,
    0.01295486857077626,
    0.014732407187750447,
    0.013024663328864853,
    0.012367200672688707,
    0.01192301426936513,
    0.012159700256447145,
    0.008118877914362986,
    0.008786364099110086,
    0.007175710071146355,
    0.006641014060019747,
    0.0047384606894776944,
    0.005750564835842376,
    0.0056750388238855426,
    0.004956023525619006,
    0.004794783870698238,
    0.0037336595758060923,
    0.0058175432925845925,
    0.0038251537982260113,
    0.005160534052388092,
    0.014117176720373012,
    0.033698719833670475
  ],
  "layer_ranking": [
    26,
    28,
    21,
    25,
    24,
    29,
    23,
    22,
    27,
    20,
    19,
    17,
    18,
    3,
    9,
    7,
    15,
    8,
    16,
    5,
    14,
    2,
    6,
    10,
    11,
    13,
    4,
    30,
    12,
    1,
    31,
    0
  ]
}