{"final/best_val_loss":4.957258224487305,"_timestamp":1.7632939950966578e+09,"_step":121,"learning_rate":0.00035999999999999997,"iteration":121,"_wandb":{"runtime":1913},"train_perplexity":69.06580776762068,"val_perplexity":142.20337119216342,"val_loss":4.957258224487305,"train_loss":4.235059785842895,"sparsity":0,"_runtime":1913.934021904,"final/best_val_perplexity":142.20337119216342}