{
  "metadata": {
    "timestamp": "20260331T213222Z",
    "model": "NousResearch/Meta-Llama-3.1-8B",
    "n_layers": 32,
    "n_q_heads": 32,
    "n_kv_heads": 8,
    "head_dim": 128,
    "block_sizes": [
      128,
      256
    ],
    "k_values": [
      4,
      8,
      16
    ],
    "gpu": "NVIDIA A100 80GB PCIe",
    "torch_version": "2.10.0+cu128"
  },
  "results": {
    "BS=128_K=4": {
      "block_size": 128,
      "K": 4,
      "tokens_per_kvh": 512,
      "kv_reduction_pct": 87.5,
      "prefill_cos_mean": 0.8925821874290705,
      "prefill_cos_std": 0.06164005170817627,
      "prefill_cos_min": 0.7646461129188538,
      "prefill_cos_max": 0.9937057495117188,
      "random_cos_mean": 0.875052960778703,
      "random_cos_std": 0.20662389137727025,
      "prefill_cos_per_layer": [
        0.9727815389633179,
        0.9870532751083374,
        0.98093581199646,
        0.976547122001648,
        0.9546971321105957,
        0.9414674043655396,
        0.9542601704597473,
        0.9613498449325562,
        0.8987109661102295,
        0.7962862253189087,
        0.8855800628662109,
        0.8934069871902466,
        0.9221814870834351,
        0.8926299214363098,
        0.922177791595459,
        0.900544285774231,
        0.9309123158454895,
        0.8336212038993835,
        0.8497903347015381,
        0.8725767135620117,
        0.8505338430404663,
        0.8323897123336792,
        0.8531085252761841,
        0.8394129872322083,
        0.8518461585044861,
        0.810305655002594,
        0.8649892807006836,
        0.7939717769622803,
        0.7646461129188538,
        0.9284484386444092,
        0.8517611622810364,
        0.9937057495117188
      ],
      "random_cos_per_layer": [
        0.992563784122467,
        0.9844169020652771,
        0.9872490763664246,
        0.9799289703369141,
        0.9834604263305664,
        0.9775791764259338,
        0.9852349162101746,
        0.9832924008369446,
        0.980548083782196,
        0.9291963577270508,
        0.9446595907211304,
        0.926418662071228,
        0.9780653715133667,
        0.9822556376457214,
        0.9811197519302368,
        0.979016900062561,
        0.9293011426925659,
        0.8957566022872925,
        0.9352141618728638,
        0.9578410387039185,
        0.9564288258552551,
        0.9625308513641357,
        0.9446208477020264,
        0.9104478359222412,
        0.8873821496963501,
        0.866227388381958,
        0.8785072565078735,
        0.6776717305183411,
        0.659438967704773,
        0.558604896068573,
        0.4066011905670166,
        0.0001138509251177311
      ],
      "routed_latency_ms": 0.12074708938598633,
      "dense_latency_ms": 0.6618213653564453,
      "speedup_vs_dense": 5.4810543982624145
    },
    "BS=128_K=8": {
      "block_size": 128,
      "K": 8,
      "tokens_per_kvh": 1024,
      "kv_reduction_pct": 75.0,
      "prefill_cos_mean": 0.9531542100012302,
      "prefill_cos_std": 0.029466973178331243,
      "prefill_cos_min": 0.9052435755729675,
      "prefill_cos_max": 0.997641921043396,
      "random_cos_mean": 0.9038363697181921,
      "random_cos_std": 0.2012678682368243,
      "prefill_cos_per_layer": [
        0.9948400259017944,
        0.997641921043396,
        0.9962458610534668,
        0.9854996204376221,
        0.9823513031005859,
        0.9790818691253662,
        0.9712278842926025,
        0.9756687879562378,
        0.9490086436271667,
        0.9354895949363708,
        0.9460862874984741,
        0.9559211730957031,
        0.9710981249809265,
        0.968361496925354,
        0.9711883068084717,
        0.9765345454216003,
        0.9772012233734131,
        0.9269975423812866,
        0.9285033941268921,
        0.9488072395324707,
        0.910848081111908,
        0.933504581451416,
        0.9535512328147888,
        0.9091962575912476,
        0.9151672720909119,
        0.9121513366699219,
        0.9272429943084717,
        0.9156126976013184,
        0.9052435755729675,
        0.9681816697120667,
        0.9159113764762878,
        0.9965687990188599
      ],
      "random_cos_per_layer": [
        0.9976740479469299,
        0.989739179611206,
        0.997492253780365,
        0.9923300743103027,
        0.9909763932228088,
        0.9959626793861389,
        0.9691042900085449,
        0.9908360838890076,
        0.9875540137290955,
        0.9829434156417847,
        0.9906900525093079,
        0.9813345670700073,
        0.9741204380989075,
        0.9935925006866455,
        0.9871156215667725,
        0.9892164468765259,
        0.9886953830718994,
        0.9416576027870178,
        0.9739048480987549,
        0.9741932153701782,
        0.9671242237091064,
        0.9491170644760132,
        0.9695892333984375,
        0.8997430801391602,
        0.9367916584014893,
        0.8677355051040649,
        0.926896870136261,
        0.8969424366950989,
        0.7530372738838196,
        0.40356525778770447,
        0.6644417643547058,
        -0.0013536447659134865
      ],
      "routed_latency_ms": 0.0796365737915039,
      "dense_latency_ms": 0.3163719177246094,
      "speedup_vs_dense": 3.9726962457337884
    },
    "BS=128_K=16": {
      "block_size": 128,
      "K": 16,
      "tokens_per_kvh": 2048,
      "kv_reduction_pct": 50.0,
      "prefill_cos_mean": 0.9890391770750284,
      "prefill_cos_std": 0.0085758631625461,
      "prefill_cos_min": 0.9664345979690552,
      "prefill_cos_max": 0.9994400143623352,
      "random_cos_mean": 0.9208322865888476,
      "random_cos_std": 0.21171931493405105,
      "prefill_cos_per_layer": [
        0.9992691278457642,
        0.9983819723129272,
        0.9989145994186401,
        0.9955646395683289,
        0.9925795793533325,
        0.994622528553009,
        0.9948229789733887,
        0.9945871829986572,
        0.9918644428253174,
        0.9903797507286072,
        0.9909355640411377,
        0.9938909411430359,
        0.9917446374893188,
        0.9945334196090698,
        0.9944332838058472,
        0.9966747760772705,
        0.9949463605880737,
        0.988643229007721,
        0.9885285496711731,
        0.9896327257156372,
        0.9811380505561829,
        0.9913384914398193,
        0.9872970581054688,
        0.9779475927352905,
        0.9831270575523376,
        0.9686768054962158,
        0.9804882407188416,
        0.9819610118865967,
        0.9664345979690552,
        0.9851723909378052,
        0.9712820649147034,
        0.9994400143623352
      ],
      "random_cos_per_layer": [
        0.9993074536323547,
        0.9988170266151428,
        0.9985688328742981,
        0.9984456300735474,
        0.9969514608383179,
        0.9957301616668701,
        0.9965893030166626,
        0.9960549473762512,
        0.996909499168396,
        0.9944402575492859,
        0.9970076084136963,
        0.9934855103492737,
        0.9961744546890259,
        0.993756890296936,
        0.9959431290626526,
        0.9881008267402649,
        0.992188572883606,
        0.9943053722381592,
        0.9937136769294739,
        0.9883588552474976,
        0.9876757860183716,
        0.9820375442504883,
        0.9848746061325073,
        0.9650772213935852,
        0.9570841789245605,
        0.9455320835113525,
        0.9610928893089294,
        0.9439201354980469,
        0.7433956861495972,
        0.4850909411907196,
        0.7032189965248108,
        -0.09721636772155762
      ],
      "routed_latency_ms": 0.15598058700561523,
      "dense_latency_ms": 0.316314697265625,
      "speedup_vs_dense": 2.0279106736163124
    },
    "BS=256_K=4": {
      "block_size": 256,
      "K": 4,
      "tokens_per_kvh": 1024,
      "kv_reduction_pct": 75.0,
      "prefill_cos_mean": 0.9284351039677858,
      "prefill_cos_std": 0.03815527236796568,
      "prefill_cos_min": 0.8618608713150024,
      "prefill_cos_max": 0.9974351525306702,
      "random_cos_mean": 0.8933051009662449,
      "random_cos_std": 0.1967797692554716,