{
  "usage_metrics": {
    "far_mass": {
      "mean": 0.15454065799713135,
      "std": 0.001187253394164145,
      "values": [
        [
          0.15429778397083282,
          0.15425914525985718,
          0.15449349582195282,
          0.1543419510126114,
          0.1543901562690735,
          0.1544196754693985
        ],
        [
          0.15460363030433655,
          0.15437641739845276,
          0.15459083020687103,
          0.15477348864078522,
          0.15391267836093903,
          0.1541086882352829
        ],
        [
          0.15487296879291534,
          0.15380176901817322,
          0.15505920350551605,
          0.15537302196025848,
          0.15408499538898468,
          0.15528260171413422
        ],
        [
          0.15801028907299042,
          0.1543857604265213,
          0.15472020208835602,
          0.1539084017276764,
          0.15430216491222382,
          0.1544502228498459
        ],
        [
          0.1544744223356247,
          0.15357813239097595,
          0.15436573326587677,
          0.15851445496082306,
          0.15508823096752167,
          0.15481114387512207
        ],
        [
          0.15263445675373077,
          0.1532139629125595,
          0.15345832705497742,
          0.15586678683757782,
          0.15172548592090607,
          0.1549135446548462
        ]
      ]
    },
    "attn_entropy": {
      "mean": 0.9939610362052917,
      "std": 0.0003019119903910905,
      "values": [
        [
          0.9934365153312683,
          0.9935155510902405,
          0.9934625625610352,
          0.9935622215270996,
          0.9935908913612366,
          0.993539035320282
        ],
        [
          0.9938185811042786,
          0.9936656951904297,
          0.9936816692352295,
          0.9938264489173889,
          0.9936650395393372,
          0.9937168955802917
        ],
        [
          0.9937769770622253,
          0.9939961433410645,
          0.9939916729927063,
          0.9940240979194641,
          0.9939576983451843,
          0.9939077496528625
        ],
        [
          0.9938940405845642,
          0.9939214587211609,
          0.9938492178916931,
          0.9941157698631287,
          0.9941217303276062,
          0.9942010045051575
        ],
        [
          0.9943693280220032,
          0.9941317439079285,
          0.9942769408226013,
          0.9938848614692688,
          0.9942113757133484,
          0.9942777752876282
        ],
        [
          0.9942681193351746,
          0.9943974018096924,
          0.9943971633911133,
          0.9943417906761169,
          0.9944446682929993,
          0.9943562150001526
        ]
      ]
    },
    "max_weight": {
      "mean": 0.02915653958916664,
      "std": 0.0005214053671807051,
      "values": [
        [
          0.03005222976207733,
          0.029942022636532784,
          0.03008505515754223,
          0.0298834890127182,
          0.029751330614089966,
          0.02990240789949894
        ],
        [
          0.02939995564520359,
          0.02959403395652771,
          0.029658876359462738,
          0.02933037281036377,
          0.029702892526984215,
          0.029561122879385948
        ],
        [
          0.029418686404824257,
          0.02901511639356613,
          0.029081761837005615,
          0.02914533205330372,
          0.029233761131763458,
          0.029225120320916176
        ],
        [
          0.029043519869446754,
          0.029276162385940552,
          0.02929588593542576,
          0.02883988805115223,
          0.029074661433696747,
          0.028810305520892143
        ],
        [
          0.028544405475258827,
          0.028805771842598915,
          0.02865458093583584,
          0.029314644634723663,
          0.028715455904603004,
          0.028558462858200073
        ],
        [
          0.028738416731357574,
          0.028395570814609528,
          0.028475163504481316,
          0.028471164405345917,
          0.02827933430671692,
          0.028358371928334236
        ]
      ]
    },
    "impact_kl": {
      "mean": 0.11382576823234558,
      "std": 3.968512828578241e-05,
      "values": [
        [
          0.11377236247062683,
          0.11389922350645065,
          0.11382918804883957,
          0.11377236247062683,
          0.11380421370267868,
          0.11386904120445251
        ],
        [
          0.11387867480516434,
          0.11381613463163376,
          0.11389295011758804,
          0.11372864991426468,
          0.11379951983690262,
          0.11378920823335648
        ],
        [
          0.11380905658006668,
          0.11385021358728409,
          0.11384835094213486,
          0.11381737142801285,
          0.11380436271429062,
          0.11388710141181946
        ],
        [
          0.11378106474876404,
          0.11380776017904282,
          0.1138300895690918,
          0.11378195881843567,
          0.11382795125246048,
          0.11381759494543076
        ],
        [
          0.11389545351266861,
          0.11383133381605148,
          0.1138325110077858,
          0.11383620649576187,
          0.11384900659322739,
          0.11381884664297104
        ],
        [
          0.1138002946972847,
          0.11380282789468765,
          0.11383328586816788,
          0.1138327345252037,
          0.11389267444610596,
          0.11378815770149231
        ]
      ]
    }
  },
  "correlations": {
    "far_mass": {
      "spearman_r": 0.12072848985679215,
      "pvalue": 0.48306677996479697,
      "significant": false
    },
    "attn_entropy": {
      "spearman_r": 0.1624300151378163,
      "pvalue": 0.34389805330763434,
      "significant": false
    },
    "max_weight": {
      "spearman_r": -0.13218353846793765,
      "pvalue": 0.44219455684693876,
      "significant": false
    },
    "concentration": {
      "spearman_r": 0.13218353846793765,
      "pvalue": 0.44219455684693876,
      "significant": false
    }
  },
  "topk_overlap": {
    "far_mass_top5": 0.2,
    "attn_entropy_top5": 0.4,
    "max_weight_top5": 0.2,
    "concentration_top5": 0.2,
    "far_mass_top10": 0.3,
    "attn_entropy_top10": 0.3,
    "max_weight_top10": 0.3,
    "concentration_top10": 0.3,
    "far_mass_top15": 0.4666666666666667,
    "attn_entropy_top15": 0.4666666666666667,
    "max_weight_top15": 0.3333333333333333,
    "concentration_top15": 0.5333333333333333
  },
  "best_predictor": {
    "signal": "attn_entropy",
    "spearman_r": 0.1624300151378163,
    "recommendation": "Use attn_entropy as predictor (r=0.1624)"
  }
}