{
  "status": "passed",
  "metrics_summary": {
    "head_metrics/far_mass_mean": 0.15444976091384888,
    "head_metrics/far_mass_std": 0.0009904485195875168,
    "head_metrics/far_mass_max": 0.15666815638542175,
    "head_metrics/far_mass_min": 0.15264512598514557,
    "head_metrics/attn_entropy_mean": 0.9940008521080017,
    "head_metrics/attn_entropy_std": 0.00033473840449005365,
    "head_metrics/max_weight_mean": 0.02910451404750347,
    "head_metrics/max_weight_std": 0.0005709948600269854,
    "head_metrics/top1_mass_mean": 0.02910451404750347,
    "head_metrics/top1_mass_std": 0.0005709948600269854
  },
  "metrics_full": {
    "far_mass": [
      [
        0.15421470999717712,
        0.15451157093048096,
        0.15428194403648376,
        0.15450698137283325,
        0.1544610857963562,
        0.15431243181228638
      ],
      [
        0.1549936830997467,
        0.15374968945980072,
        0.15489310026168823,
        0.15473121404647827,
        0.1533755213022232,
        0.15416114032268524
      ],
      [
        0.15310147404670715,
        0.15399649739265442,
        0.152926966547966,
        0.1545233130455017,
        0.1549486666917801,
        0.15407569706439972
      ],
      [
        0.15264512598514557,
        0.15442726016044617,
        0.1544727385044098,
        0.15581364929676056,
        0.1547415405511856,
        0.1555124819278717
      ],
      [
        0.15309365093708038,
        0.15554043650627136,
        0.1539042890071869,
        0.15315298736095428,
        0.15499991178512573,
        0.1564168930053711
      ],
      [
        0.15487031638622284,
        0.15590915083885193,
        0.15311436355113983,
        0.15666815638542175,
        0.15571925044059753,
        0.1534229815006256
      ]
    ],
    "attn_entropy": [
      [
        0.9935314655303955,
        0.9934138059616089,
        0.9934210777282715,
        0.9934452772140503,
        0.9935513734817505,
        0.9935108423233032
      ],
      [
        0.9936455488204956,
        0.9937571287155151,
        0.993738055229187,
        0.9938272833824158,
        0.9936828017234802,
        0.9937026500701904
      ],
      [
        0.9939558506011963,
        0.9939953684806824,
        0.9939953088760376,
        0.9938619136810303,
        0.9938875436782837,
        0.9938480257987976
      ],
      [
        0.9940805435180664,
        0.9942048788070679,
        0.994128942489624,
        0.9941493272781372,
        0.9941627979278564,
        0.9942946434020996
      ],
      [
        0.9944398999214172,
        0.9942918419837952,
        0.9943932890892029,
        0.9942348003387451,
        0.9943332076072693,
        0.9944359064102173
      ],
      [
        0.9943549633026123,
        0.9942793250083923,
        0.9943137168884277,
        0.9943705201148987,
        0.9943517446517944,
        0.994438886642456
      ]
    ],
    "max_weight": [
      [
        0.029960786923766136,
        0.03025471605360508,
        0.02995123714208603,
        0.03007414937019348,
        0.029899824410676956,
        0.029773201793432236
      ],
      [
        0.02967374213039875,
        0.029469972476363182,
        0.029458053410053253,
        0.029388055205345154,
        0.02966040000319481,
        0.02960009127855301
      ],
      [
        0.02922748774290085,
        0.028959158807992935,
        0.02901483327150345,
        0.029481949284672737,
        0.029283322393894196,
        0.0294510331004858
      ],
      [
        0.029039280489087105,
        0.028853079304099083,
        0.028935004025697708,
        0.02878037840127945,
        0.02887120470404625,
        0.02854878082871437
      ],
      [
        0.028287021443247795,
        0.028519799932837486,
        0.028529759496450424,
        0.028827251866459846,
        0.028537161648273468,
        0.028332529589533806
      ],
      [
        0.02860773727297783,
        0.02858700230717659,
        0.028539812192320824,
        0.02854859083890915,
        0.028614426031708717,
        0.028221694752573967
      ]
    ],
    "top1_mass": [
      [
        0.029960786923766136,
        0.03025471605360508,
        0.02995123714208603,
        0.03007414937019348,
        0.029899824410676956,
        0.029773201793432236
      ],
      [
        0.02967374213039875,
        0.029469972476363182,
        0.029458053410053253,
        0.029388055205345154,
        0.02966040000319481,
        0.02960009127855301
      ],
      [
        0.02922748774290085,
        0.028959158807992935,
        0.02901483327150345,
        0.029481949284672737,
        0.029283322393894196,
        0.0294510331004858
      ],
      [
        0.029039280489087105,
        0.028853079304099083,
        0.028935004025697708,
        0.02878037840127945,
        0.02887120470404625,
        0.02854878082871437
      ],
      [
        0.028287021443247795,
        0.028519799932837486,
        0.028529759496450424,
        0.028827251866459846,
        0.028537161648273468,
        0.028332529589533806
      ],
      [
        0.02860773727297783,
        0.02858700230717659,
        0.028539812192320824,
        0.02854859083890915,
        0.028614426031708717,
        0.028221694752573967
      ]
    ]
  }
}