{"final/best_val_loss":4.992399215698242,"train_loss":4.525769984722137,"sparsity":0,"_wandb":{"runtime":2021},"val_perplexity":147.2893789083648,"train_perplexity":92.36701964852651,"_timestamp":1.7632811323003662e+09,"_runtime":2021.857767969,"final/best_val_perplexity":147.2893789083648,"val_loss":4.992399215698242,"learning_rate":0.0003,"iteration":105,"_step":105}