{"train_perplexity":76.119842843905,"final/best_val_loss":5.008871555328369,"val_loss":5.008871555328369,"final/best_val_perplexity":149.73567235579574,"val_perplexity":149.73567235579574,"_wandb":{"runtime":1914},"_timestamp":1.7632920673795133e+09,"_step":118,"iteration":118,"sparsity":0,"train_loss":4.332308977842331,"learning_rate":0.00032999999999999994,"_runtime":1914.42069165}