{
  "timestamp": "2026-03-31T19:07:14.342604+00:00",
  "gpu": "NVIDIA A100 80GB PCIe",
  "torch_version": "2.6.0+cu126",
  "model_config": "Marin-8B-like (32 QH, 8 KVH, head_dim=128)",
  "context_tokens": 4096,
  "configs": {
    "BS=16 (vLLM default)": [
      {
        "K": 1,
        "actual_k": 1,
        "block_size": 16,
        "tokens_per_head": 16,
        "total_kv_tokens": 4096,
        "kv_reduction_pct": 99.609375,
        "fused": {
          "median_ms": 0.037088990211486816,
          "mean_ms": 0.03765113651752472,
          "min_ms": 0.03590434789657593,
          "p90_ms": 0.03896653652191162,
          "p99_ms": 0.04929304122924805
        },
        "reference": {
          "median_ms": 1.9036605954170227,
          "mean_ms": 2.019474357366562,
          "min_ms": 1.8828809261322021,
          "p90_ms": 1.924656331539154,
          "p99_ms": 7.452778518199921
        },
        "speedup": 51.32683808758537
      },
      {
        "K": 2,
        "actual_k": 2,
        "block_size": 16,
        "tokens_per_head": 32,
        "total_kv_tokens": 4096,
        "kv_reduction_pct": 99.21875,
        "fused": {
          "median_ms": 0.03870576620101929,
          "mean_ms": 0.03933906555175781,
          "min_ms": 0.03765523433685303,
          "p90_ms": 0.04108995199203491,
          "p99_ms": 0.050552189350128174
        },
        "reference": {
          "median_ms": 1.913122832775116,
          "mean_ms": 1.91532701253891,
          "min_ms": 1.8887966871261597,
          "p90_ms": 1.937679946422577,
          "p99_ms": 1.9703581929206848
        },
        "speedup": 49.42733397497594
      },
      {
        "K": 4,
        "actual_k": 4,
        "block_size": 16,
        "tokens_per_head": 64,
        "total_kv_tokens": 4096,
        "kv_reduction_pct": 98.4375,
        "fused": {
          "median_ms": 0.042475759983062744,
          "mean_ms": 0.04308775067329407,
          "min_ms": 0.041387975215911865,
          "p90_ms": 0.04485994577407837,
          "p99_ms": 0.051118433475494385
        },
        "reference": {
          "median_ms": 1.9063353538513184,
          "mean_ms": 1.9105657935142517,
          "min_ms": 1.8739774823188782,
          "p90_ms": 1.929350197315216,
          "p99_ms": 2.005741000175476
        },
        "speedup": 44.88054727240835
      },
      {
        "K": 8,
        "actual_k": 8,
        "block_size": 16,
        "tokens_per_head": 128,
        "total_kv_tokens": 4096,
        "kv_reduction_pct": 96.875,
        "fused": {
          "median_ms": 0.05007535219192505,
          "mean_ms": 0.05061917006969452,
          "min_ms": 0.049114227294921875,
          "p90_ms": 0.05225092172622681,
          "p99_ms": 0.05950033664703369
        },
        "reference": {
          "median_ms": 1.9037052989006042,
          "mean_ms": 1.9077855348587036,
          "min_ms": 1.88465416431427,
          "p90_ms": 1.9306093454360962,
          "p99_ms": 1.9724294543266296
        },
        "speedup": 38.016812974259786
      }
    ],
    "BS=128 (coarse)": [
      {
        "K": 1,
        "actual_k": 1,
        "block_size": 128,
        "tokens_per_head": 128,
        "total_kv_tokens": 4096,
        "kv_reduction_pct": 96.875,
        "fused": {
          "median_ms": 0.04502385854721069,
          "mean_ms": 0.04573322832584381,
          "min_ms": 0.043936073780059814,
          "p90_ms": 0.04670768976211548,
          "p99_ms": 0.06300956010818481
        },
        "reference": {
          "median_ms": 1.9129067659378052,
          "mean_ms": 1.9537803530693054,
          "min_ms": 1.8920078873634338,
          "p90_ms": 1.9384846091270447,
          "p99_ms": 3.8302093744277954
        },
        "speedup": 42.48651332119808
      },
      {
        "K": 2,
        "actual_k": 2,
        "block_size": 128,
        "tokens_per_head": 256,
        "total_kv_tokens": 4096,
        "kv_reduction_pct": 93.75,
        "fused": {
          "median_ms": 0.05535036325454712,
          "mean_ms": 0.0565502792596817,
          "min_ms": 0.05422532558441162,
          "p90_ms": 0.05765259265899658,
          "p99_ms": 0.09091198444366455
        },
        "reference": {
          "median_ms": 1.878306269645691,
          "mean_ms": 1.8793797492980957,
          "min_ms": 1.8455833196640015,
          "p90_ms": 1.9081011414527893,
          "p99_ms": 1.9431710243225098
        },
        "speedup": 33.93484991250505
      },
      {
        "K": 4,
        "actual_k": 4,
        "block_size": 128,
        "tokens_per_head": 512,
        "total_kv_tokens": 4096,
        "kv_reduction_pct": 87.5,
        "fused": {
          "median_ms": 0.07537752389907837,
          "mean_ms": 0.07602952420711517,
          "min_ms": 0.07371604442596436,
          "p90_ms": 0.07796287536621094,
          "p99_ms": 0.08432567119598389
        },
        "reference": {
          "median_ms": 2.0070448517799377,
          "mean_ms": 2.01235830783844,
          "min_ms": 1.9874051213264465,
          "p90_ms": 2.033732831478119,
          "p99_ms": 2.1548718214035034
        },
        "speedup": 26.626569141049718
      },
      {
        "K": 8,
        "actual_k": 8,
        "block_size": 128,
        "tokens_per_head": 1024,
        "total_kv_tokens": 4096,
        "kv_reduction_pct": 75.0,
        "fused": {
          "median_ms": 0.1150965690612793,
          "mean_ms": 0.11581115424633026,
          "min_ms": 0.11366605758666992,
          "p90_ms": 0.11814385652542114,
          "p99_ms": 0.13156980276107788
        },
        "reference": {
          "median_ms": 2.104833722114563,
          "mean_ms": 2.1399953961372375,
          "min_ms": 2.078041434288025,
          "p90_ms": 2.1692514419555664,
          "p99_ms": 3.102019429206848
        },
        "speedup": 18.287545313309167
      }
    ],
    "BS=256 (very coarse)": [
      {
        "K": 1,
        "actual_k": 1,
        "block_size": 256,
        "tokens_per_head": 256,
        "total_kv_tokens": 4096,
        "kv_reduction_pct": 93.75,
        "fused": {
          "median_ms": 0.057131052017211914,
          "mean_ms": 0.05861058831214905,
          "min_ms": 0.05573779344558716,
          "p90_ms": 0.0626295804977417,
          "p99_ms": 0.08544325828552246
        },
        "reference": {
          "median_ms": 1.9956380128860474,
          "mean_ms": 2.0367874205112457,
          "min_ms": 1.9726753234863281,
          "p90_ms": 2.0142868161201477,
          "p99_ms": 4.045106470584869
        },
        "speedup": 34.930881585811164
      },
      {
        "K": 2,
        "actual_k": 2,
        "block_size": 256,
        "tokens_per_head": 512,
        "total_kv_tokens": 4096,
        "kv_reduction_pct": 87.5,
        "fused": {
          "median_ms": 0.07522851228713989,
          "mean_ms": 0.07596619427204132,
          "min_ms": 0.07395446300506592,
          "p90_ms": 0.07853657007217407,
          "p99_ms": 0.08731335401535034
        },
        "reference": {
          "median_ms": 1.9976720213890076,
          "mean_ms": 1.997266262769699,
          "min_ms": 1.971408724784851,
          "p90_ms": 2.0129233598709106,
          "p99_ms": 2.0396560430526733
        },
        "speedup": 26.55471922353174
      },
      {
        "K": 4,
        "actual_k": 4,
        "block_size": 256,
        "tokens_per_head": 1024,
        "total_kv_tokens": 4096,
        "kv_reduction_pct": 75.0,
        "fused": {
          "median_ms": 0.11450052261352539,
          "mean_ms": 0.11549677699804306,
          "min_ms": 0.112876296043396,
          "p90_ms": 0.11740624904632568,
          "p99_ms": 0.13697147369384766
        },
        "reference": {
          "median_ms": 2.09837406873703,
          "mean_ms": 2.098335921764374,
          "min_ms": 2.070873975753784,
          "p90_ms": 2.119094133377075,
          "p99_ms": 2.147108316421509
        },
        "speedup": 18.326327433628318
      },
      {
        "K": 8,
        "actual_k": 8,