{
  "timestamp": "2026-04-01T18:47:27.954764+00:00",
  "gpu": "NVIDIA H100 80GB HBM3",
  "torch_version": "2.10.0+cu128",
  "model_config": "Marin-8B-like (32 QH, 8 KVH, head_dim=128)",
  "context_tokens": 4096,
  "configs": {
    "BS=16 (vLLM default)": [
      {
        "K": 1,
        "actual_k": 1,
        "block_size": 16,
        "tokens_per_head": 16,
        "total_kv_tokens": 4096,
        "kv_reduction_pct": 99.609375,
        "fused": {
          "median_ms": 0.03034062683582306,
          "mean_ms": 0.030817757360637188,
          "min_ms": 0.02940557897090912,
          "p90_ms": 0.03251992166042328,
          "p99_ms": 0.036384910345077515
        },
        "reference": {
          "median_ms": 1.5961145982146263,
          "mean_ms": 1.597641222178936,
          "min_ms": 1.5848781913518906,
          "p90_ms": 1.612721011042595,
          "p99_ms": 1.628722995519638
        },
        "speedup": 52.60651359813371
      },
      {
        "K": 2,
        "actual_k": 2,
        "block_size": 16,
        "tokens_per_head": 32,
        "total_kv_tokens": 4096,
        "kv_reduction_pct": 99.21875,
        "fused": {
          "median_ms": 0.03211665898561478,
          "mean_ms": 0.03238282632082701,
          "min_ms": 0.031210482120513916,
          "p90_ms": 0.03330595791339874,
          "p99_ms": 0.03866758197546005
        },
        "reference": {
          "median_ms": 1.5979455783963203,
          "mean_ms": 1.6181695833802223,
          "min_ms": 1.5860199928283691,
          "p90_ms": 1.6082022339105606,
          "p99_ms": 2.5738533586263657
        },
        "speedup": 49.7544149630274
      },
      {
        "K": 4,
        "actual_k": 4,
        "block_size": 16,
        "tokens_per_head": 64,
        "total_kv_tokens": 4096,
        "kv_reduction_pct": 98.4375,
        "fused": {
          "median_ms": 0.03536045551300049,
          "mean_ms": 0.03558281343430281,
          "min_ms": 0.034528784453868866,
          "p90_ms": 0.036356039345264435,
          "p99_ms": 0.04050694406032562
        },
        "reference": {
          "median_ms": 1.5988601371645927,
          "mean_ms": 1.6006917878985405,
          "min_ms": 1.5909485518932343,
          "p90_ms": 1.6084415838122368,
          "p99_ms": 1.6646990552544594
        },
        "speedup": 45.21605035819638
      },
      {
        "K": 8,
        "actual_k": 8,
        "block_size": 16,
        "tokens_per_head": 128,
        "total_kv_tokens": 4096,
        "kv_reduction_pct": 96.875,
        "fused": {
          "median_ms": 0.04264898598194122,
          "mean_ms": 0.04284614697098732,
          "min_ms": 0.04131067544221878,
          "p90_ms": 0.043497420847415924,
          "p99_ms": 0.04695821553468704
        },
        "reference": {
          "median_ms": 1.5958789736032486,
          "mean_ms": 1.5956064127385616,
          "min_ms": 1.585877500474453,
          "p90_ms": 1.603100448846817,
          "p99_ms": 1.6186758875846863
        },
        "speedup": 37.418919509106
      }
    ],
    "BS=128 (coarse)": [
      {
        "K": 1,
        "actual_k": 1,
        "block_size": 128,
        "tokens_per_head": 128,
        "total_kv_tokens": 4096,
        "kv_reduction_pct": 96.875,
        "fused": {
          "median_ms": 0.03677979111671448,
          "mean_ms": 0.03747640177607536,
          "min_ms": 0.03569573163986206,
          "p90_ms": 0.038324855268001556,
          "p99_ms": 0.04450511187314987
        },
        "reference": {
          "median_ms": 1.6013896092772484,
          "mean_ms": 1.6016331687569618,
          "min_ms": 1.5926659107208252,
          "p90_ms": 1.6074664890766144,
          "p99_ms": 1.6117533668875694
        },
        "speedup": 43.53993213815456
      },
      {
        "K": 2,
        "actual_k": 2,
        "block_size": 128,
        "tokens_per_head": 256,
        "total_kv_tokens": 4096,
        "kv_reduction_pct": 93.75,
        "fused": {
          "median_ms": 0.044094398617744446,
          "mean_ms": 0.04428959917277098,
          "min_ms": 0.04313979297876358,
          "p90_ms": 0.04545506089925766,
          "p99_ms": 0.04785042256116867
        },
        "reference": {
          "median_ms": 1.6136197373270988,
          "mean_ms": 1.6139951720833778,
          "min_ms": 1.6055097803473473,
          "p90_ms": 1.6193017363548279,
          "p99_ms": 1.6367249190807343
        },
        "speedup": 36.59466480800912
      },
      {
        "K": 4,
        "actual_k": 4,
        "block_size": 128,
        "tokens_per_head": 512,
        "total_kv_tokens": 4096,
        "kv_reduction_pct": 87.5,
        "fused": {
          "median_ms": 0.0666733831167221,
          "mean_ms": 0.06700367201119661,
          "min_ms": 0.06580911576747894,
          "p90_ms": 0.06787385791540146,
          "p99_ms": 0.07268879562616348
        },
        "reference": {
          "median_ms": 1.6132965683937073,
          "mean_ms": 1.6131414473056793,
          "min_ms": 1.6037281602621078,
          "p90_ms": 1.6189264133572578,
          "p99_ms": 1.6344068571925163
        },
        "speedup": 24.197010755692137
      },
      {
        "K": 8,
        "actual_k": 8,
        "block_size": 128,
        "tokens_per_head": 1024,
        "total_kv_tokens": 4096,
        "kv_reduction_pct": 75.0,
        "fused": {
          "median_ms": 0.104585662484169,
          "mean_ms": 0.1047608582302928,
          "min_ms": 0.10379869490861893,
          "p90_ms": 0.10536517947912216,
          "p99_ms": 0.10839849710464478
        },
        "reference": {
          "median_ms": 1.6146590933203697,
          "mean_ms": 1.6157693602144718,
          "min_ms": 1.6071582213044167,
          "p90_ms": 1.6218172386288643,
          "p99_ms": 1.6352580860257149
        },
        "speedup": 15.438627580188427
      }
    ],
    "BS=256 (very coarse)": [
      {
        "K": 1,
        "actual_k": 1,
        "block_size": 256,
        "tokens_per_head": 256,
        "total_kv_tokens": 4096,
        "kv_reduction_pct": 93.75,
        "fused": {
          "median_ms": 0.044444575905799866,
          "mean_ms": 0.0451393099501729,
          "min_ms": 0.04329066723585129,
          "p90_ms": 0.04560127854347229,
          "p99_ms": 0.06822776049375534
        },
        "reference": {
          "median_ms": 1.6130497679114342,
          "mean_ms": 1.6143138706684113,
          "min_ms": 1.6039218753576279,
          "p90_ms": 1.6213441267609596,
          "p99_ms": 1.6424497589468956
        },
        "speedup": 36.2935124261347
      },
      {
        "K": 2,
        "actual_k": 2,
        "block_size": 256,
        "tokens_per_head": 512,
        "total_kv_tokens": 4096,
        "kv_reduction_pct": 87.5,
        "fused": {
          "median_ms": 0.059857964515686035,
          "mean_ms": 0.06048101466149092,
          "min_ms": 0.05878414958715439,
          "p90_ms": 0.06103888154029846,
          "p99_ms": 0.08561741560697556
        },
        "reference": {
          "median_ms": 1.6198549419641495,
          "mean_ms": 1.6219632141292095,
          "min_ms": 1.6101012006402016,
          "p90_ms": 1.632719300687313,
          "p99_ms": 1.6483897343277931
        },
        "speedup": 27.06164426188698
      },
      {
        "K": 4,
        "actual_k": 4,
        "block_size": 256,
        "tokens_per_head": 1024,
        "total_kv_tokens": 4096,
        "kv_reduction_pct": 75.0,
        "fused": {
          "median_ms": 0.10423082858324051,
          "mean_ms": 0.10440710000693798,
          "min_ms": 0.10334420949220657,
          "p90_ms": 0.10516401380300522,
          "p99_ms": 0.10758824646472931
        },
        "reference": {
          "median_ms": 1.6183098778128624,
          "mean_ms": 1.6333256848156452,
          "min_ms": 1.605403609573841,
          "p90_ms": 1.6290182247757912,
          "p99_ms": 2.3620733991265297
        },
        "speedup": 15.526211388797055
      },
      {
        "K": 8,