{"_step":0,"sparsity":0,"train_loss":1.09968763589859,"learning_rate":0,"_timestamp":1.7632845231136942e+09,"train_perplexity":3.003227776870858,"_runtime":94.019342818,"_wandb":{"runtime":94},"iteration":0}