{"_step":1,"final/best_val_perplexity":57090.421068412696,"_runtime":196.829286125,"learning_rate":0,"val_loss":10.952391624450684,"_timestamp":1.7633433171644795e+09,"final/best_val_loss":10.952391624450684,"train_loss":1.096950101852417,"iteration":1,"val_perplexity":57090.421068412696,"sparsity":0,"train_perplexity":2.9950175815551923,"_wandb":{"runtime":196}}