{"_timestamp":1.763296169294533e+09,"train_perplexity":1106.2722003286972,"train_loss":7.008751264214515,"val_perplexity":55325.860164435224,"_step":41,"sparsity":0,"final/best_val_loss":10.920995712280273,"_runtime":2160.084222842,"iteration":41,"val_loss":10.920995712280273,"learning_rate":0.00011999999999999999,"final/best_val_perplexity":55325.860164435224,"_wandb":{"runtime":2160}}